{"cameraMode":{"drawMode":0,"name":"Shaded","section":"Shading Mode"},"sceneLighting":true,"audioPlay":false,"sceneViewState":{"m_AlwaysRefresh":false,"showFog":true,"showSkybox":false,"showFlares":true,"showImageEffects":true,"showParticleSystems":true,"showVisualEffectGraphs":true,"m_FxEnabled":true},"in2DMode":false,"pivot":{"x":-2.554321050643921,"y":0.5369262099266052,"z":-3.9813907146453859},"rotation":{"x":-0.013140260241925717,"y":0.9184758067131043,"z":-0.030600398778915407,"w":-0.39410585165023806},"size":4.766025543212891,"orthographic":false}