{"cameraMode":{"drawMode":0,"name":"Shaded","section":"Shading Mode"},"sceneLighting":false,"audioPlay":false,"sceneViewState":{"m_AlwaysRefresh":false,"showFog":true,"showSkybox":false,"showFlares":true,"showImageEffects":true,"showParticleSystems":true,"showVisualEffectGraphs":true,"m_FxEnabled":true},"in2DMode":false,"pivot":{"x":-0.6824867725372315,"y":3.5942022800445558,"z":-0.8569138050079346},"rotation":{"x":0.032076749950647357,"y":0.9587116241455078,"z":-0.12028229981660843,"w":0.2557290494441986},"size":3.2233152389526369,"orthographic":false}