{"cameraMode":{"drawMode":0,"name":"Shaded","section":"Shading Mode"},"sceneLighting":false,"audioPlay":false,"sceneViewState":{"m_AlwaysRefresh":false,"showFog":true,"showSkybox":false,"showFlares":true,"showImageEffects":true,"showParticleSystems":true,"showVisualEffectGraphs":true,"m_FxEnabled":true},"in2DMode":false,"pivot":{"x":-0.38248682022094729,"y":-0.40579771995544436,"z":-0.8569138050079346},"rotation":{"x":0.03341766446828842,"y":0.9272637963294983,"z":-0.08537305891513825,"w":0.36304035782814028},"size":3.2233152389526369,"orthographic":false}